[
    {
        "model": "home.navmainhome",
        "pk": 1,
        "fields": {
            "name": "El_COM",
            "title": "Магазин электронных товаров для вас!",
            "mask_search": "Продукт",
            "button": "Поиск"
        }
    },
    {
        "model": "home.navlist",
        "pk": 1,
        "fields": {
            "nav_main": 1,
            "category": "О нас",
            "url": "home_page"
        }
    },
    {
        "model": "home.navlist",
        "pk": 2,
        "fields": {
            "nav_main": 1,
            "category": "Каталог",
            "url": "catalog"
        }
    },
    {
        "model": "home.navlist",
        "pk": 3,
        "fields": {
            "nav_main": 1,
            "category": "Контакты",
            "url": "contact"
        }
    },
    {
        "model": "home.navlist",
        "pk": 4,
        "fields": {
            "nav_main": 1,
            "category": "Личный кабинет",
            "url": "user"
        }
    },
    {
        "model": "home.navlist",
        "pk": 5,
        "fields": {
            "nav_main": 1,
            "category": "Вход",
            "url": "auth"
        }
    },
    {
        "model": "home.contact",
        "pk": 1,
        "fields": {
            "title": "Связь с нами",
            "text_to_form": "В каких случаях необходимо писать заявку?",
            "text_title_form": "Если вам все таки необходимо написать нам письмо форма заявки снизу"
        }
    },
    {
        "model": "home.statementlist",
        "pk": 1,
        "fields": {
            "contact": 1,
            "statement": "Технические проблемы"
        }
    },
    {
        "model": "home.statementlist",
        "pk": 2,
        "fields": {
            "contact": 1,
            "statement": "Гарантия"
        }
    },
    {
        "model": "home.statementlist",
        "pk": 3,
        "fields": {
            "contact": 1,
            "statement": "Общие вопросы"
        }
    },
    {
        "model": "home.statementlist",
        "pk": 4,
        "fields": {
            "contact": 1,
            "statement": "Доставка"
        }
    },
    {
        "model": "home.statementlist",
        "pk": 5,
        "fields": {
            "contact": 1,
            "statement": "Возврат"
        }
    },
    {
        "model": "home.formcontact",
        "pk": 1,
        "fields": {
            "name": "Имя",
            "first_name": "Максим",
            "email": "Эмеил",
            "email_fill": "example@gmail.com",
            "tel": "Номер телефона",
            "tel_fill": "+7(000)000-00-00",
            "question": "Ваш вопрос",
            "ruls": "Правила обработки информации",
            "button": "Отправить заявку"
        }
    },
    {
        "model": "home.statementform",
        "pk": 1,
        "fields": {
            "form": 1,
            "statement_form": "Вид заявки"
        }
    },
    {
        "model": "home.statementform",
        "pk": 2,
        "fields": {
            "form": 1,
            "statement_form": "Технические проблемы"
        }
    },
    {
        "model": "home.statementform",
        "pk": 3,
        "fields": {
            "form": 1,
            "statement_form": "Гарантия"
        }
    },
    {
        "model": "home.statementform",
        "pk": 4,
        "fields": {
            "form": 1,
            "statement_form": "Общие вопросы"
        }
    },
    {
        "model": "home.statementform",
        "pk": 5,
        "fields": {
            "form": 1,
            "statement_form": "Доставка"
        }
    },
    {
        "model": "home.statementform",
        "pk": 6,
        "fields": {
            "form": 1,
            "statement_form": "Возврат"
        }
    },
    {
        "model": "home.informationcontact",
        "pk": 1,
        "fields": {
            "title": "Наши контакты:",
            "email": "Эмеил:",
            "email_value": "elshopcompany_id@gmail.com",
            "tel": "Телефон:_id",
            "tel_value": "+7 (499) 922-89-74",
            "fax": "Факс:",
            "fax_value": "+7 (499) 922-89-74"
        }
    },
    {
        "model": "catalog.category",
        "pk": "Прочее",
        "fields": {
            "descriptions": "",
            "url": "other"
        }
    },
    {
        "model": "catalog.category",
        "pk": "Планшеты",
        "fields": {
            "descriptions": "",
            "url": "tablets"
        }
    },
    {
        "model": "catalog.category",
        "pk": "Телефоны",
        "fields": {
            "descriptions": "",
            "url": "phones"
        }
    },
    {
        "model": "catalog.category",
        "pk": "Компьютеры",
        "fields": {
            "descriptions": "",
            "url": "computers"
        }
    },
    {
        "model": "catalog.companies",
        "pk": "Apple",
        "fields": {
            "country": null,
            "adress": null,
            "category": [
                "Планшеты",
                "Телефоны",
                "Компьютеры"
            ],
            "url": "apple"
        }
    },
    {
        "model": "catalog.companies",
        "pk": "Asus",
        "fields": {
            "country": null,
            "adress": null,
            "category": [
                "Компьютеры"
            ],
            "url": "asus"
        }
    },
    {
        "model": "catalog.companies",
        "pk": "Infinix",
        "fields": {
            "country": null,
            "adress": null,
            "category": [
                "Планшеты",
                "Телефоны"
            ],
            "url": "infinix"
        }
    },
    {
        "model": "catalog.companies",
        "pk": "Lenovo",
        "fields": {
            "country": null,
            "adress": null,
            "category": [
                "Планшеты",
                "Телефоны",
                "Компьютеры"
            ],
            "url": "lenovo"
        }
    },
    {
        "model": "catalog.companies",
        "pk": "MSI",
        "fields": {
            "country": null,
            "adress": null,
            "category": [
                "Компьютеры"
            ],
            "url": "msi"
        }
    },
    {
        "model": "catalog.companies",
        "pk": "Poco",
        "fields": {
            "country": null,
            "adress": null,
            "category": [
                "Планшеты",
                "Телефоны"
            ],
            "url": "poco"
        }
    },
    {
        "model": "catalog.companies",
        "pk": "ROG",
        "fields": {
            "country": null,
            "adress": null,
            "category": [
                "Компьютеры"
            ],
            "url": "rog"
        }
    },
    {
        "model": "catalog.companies",
        "pk": "Samsung",
        "fields": {
            "country": null,
            "adress": null,
            "category": [
                "Планшеты",
                "Телефоны"
            ],
            "url": "samsung"
        }
    },
    {
        "model": "catalog.companies",
        "pk": "Xiaomi",
        "fields": {
            "country": null,
            "adress": null,
            "category": [
                "Планшеты",
                "Телефоны",
                "Компьютеры"
            ],
            "url": "xiaomi"
        }
    },
    {
        "model": "catalog.product",
        "pk": 1,
        "fields": {
            "name": "Macbook 16 pro",
            "descriptions": "",
            "image_item": "",
            "company": "Apple",
            "category": "Компьютеры",
            "price": "456000.00",
            "discount": 0.0,
            "quantity": 3,
            "discontinued": 0,
            "created_at": "2024-04-23T17:57:05.539Z",
            "created_up": "2024-04-23T17:57:05.539Z",
            "release": "2024-04-23"
        }
    },
    {
        "model": "catalog.product",
        "pk": 2,
        "fields": {
            "name": "ROG Zephyrus g16",
            "descriptions": null,
            "image_item": "",
            "company": "ROG",
            "category": "Компьютеры",
            "price": "224000.00",
            "discount": 17.0,
            "quantity": 5,
            "discontinued": 0,
            "created_at": "2024-04-23T17:57:05.539Z",
            "created_up": "2024-04-23T17:57:05.539Z",
            "release": "2024-04-23"
        }
    },
    {
        "model": "catalog.product",
        "pk": 3,
        "fields": {
            "name": "AirPods 2 pro",
            "descriptions": null,
            "image_item": "",
            "company": "Apple",
            "category": "Прочее",
            "price": "54000.00",
            "discount": 3.0,
            "quantity": 20,
            "discontinued": 0,
            "created_at": "2024-04-23T17:57:05.539Z",
            "created_up": "2024-04-23T17:57:05.539Z",
            "release": "2024-04-23"
        }
    },
    {
        "model": "catalog.product",
        "pk": 5,
        "fields": {
            "name": "IPhone 16 Pro Max",
            "descriptions": null,
            "image_item": "",
            "company": "Apple",
            "category": "Телефоны",
            "price": "160000.00",
            "discount": 20.0,
            "quantity": 15,
            "discontinued": 0,
            "created_at": "2024-04-23T17:57:05.539Z",
            "created_up": "2024-04-23T17:57:05.539Z",
            "release": "2024-04-23"
        }
    },
    {
        "model": "catalog.product",
        "pk": 6,
        "fields": {
            "name": "MSI",
            "descriptions": null,
            "image_item": "",
            "company": "MSI",
            "category": "Компьютеры",
            "price": "223000.00",
            "discount": 0.0,
            "quantity": 6,
            "discontinued": 0,
            "created_at": "2024-04-23T17:57:05.539Z",
            "created_up": "2024-04-23T17:57:05.539Z",
            "release": "2024-04-23"
        }
    },
    {
        "model": "catalog.product",
        "pk": 7,
        "fields": {
            "name": "Lenovo Legion 7",
            "descriptions": null,
            "image_item": "",
            "company": "Lenovo",
            "category": "Компьютеры",
            "price": "180000.00",
            "discount": 0.0,
            "quantity": 14,
            "discontinued": 0,
            "created_at": "2024-04-23T17:57:05.539Z",
            "created_up": "2024-04-23T17:57:05.539Z",
            "release": "2024-04-23"
        }
    },
    {
        "model": "catalog.product",
        "pk": 8,
        "fields": {
            "name": "Samsung s23",
            "descriptions": null,
            "image_item": "",
            "company": "Samsung",
            "category": "Телефоны",
            "price": "90000.00",
            "discount": 0.0,
            "quantity": 30,
            "discontinued": 0,
            "created_at": "2024-04-23T17:57:05.539Z",
            "created_up": "2024-04-23T17:57:05.539Z",
            "release": "2024-04-23"
        }
    },
    {
        "model": "catalog.product",
        "pk": 9,
        "fields": {
            "name": "Poco",
            "descriptions": null,
            "image_item": "",
            "company": "Poco",
            "category": "Телефоны",
            "price": "40000.00",
            "discount": 0.0,
            "quantity": 43,
            "discontinued": 0,
            "created_at": "2024-04-23T17:57:05.539Z",
            "created_up": "2024-04-23T17:57:05.539Z",
            "release": "2024-04-23"
        }
    },
    {
        "model": "catalog.product",
        "pk": 10,
        "fields": {
            "name": "MAC",
            "descriptions": null,
            "image_item": "",
            "company": "Apple",
            "category": "Компьютеры",
            "price": "760000.00",
            "discount": 0.0,
            "quantity": 2,
            "discontinued": 0,
            "created_at": "2024-04-23T17:57:05.539Z",
            "created_up": "2024-04-23T17:57:05.539Z",
            "release": "2024-04-23"
        }
    },
    {
        "model": "catalog.product",
        "pk": 11,
        "fields": {
            "name": "Xiaomi",
            "descriptions": null,
            "image_item": "",
            "company": "Xiaomi",
            "category": "Телефоны",
            "price": "55000.00",
            "discount": 10.0,
            "quantity": 55,
            "discontinued": 0,
            "created_at": "2024-04-23T17:57:05.539Z",
            "created_up": "2024-04-23T17:57:05.539Z",
            "release": "2024-04-23"
        }
    },
    {
        "model": "catalog.product",
        "pk": 12,
        "fields": {
            "name": "ROG strix",
            "descriptions": null,
            "image_item": "",
            "company": "ROG",
            "category": "Компьютеры",
            "price": "180000.00",
            "discount": 3.0,
            "quantity": 9,
            "discontinued": 0,
            "created_at": "2024-04-23T17:57:05.539Z",
            "created_up": "2024-04-23T17:57:05.539Z",
            "release": "2024-04-23"
        }
    },
    {
        "model": "catalog.product",
        "pk": 13,
        "fields": {
            "name": "Asus Zenbook",
            "descriptions": null,
            "image_item": "",
            "company": "Asus",
            "category": "Компьютеры",
            "price": "90000.00",
            "discount": 9.0,
            "quantity": 17,
            "discontinued": 0,
            "created_at": "2024-04-23T17:57:05.539Z",
            "created_up": "2024-04-23T17:57:05.539Z",
            "release": "2024-04-23"
        }
    },
    {
        "model": "catalog.product",
        "pk": 14,
        "fields": {
            "name": "IPhone 16",
            "descriptions": null,
            "image_item": "",
            "company": "Apple",
            "category": "Телефоны",
            "price": "120000.00",
            "discount": 20.0,
            "quantity": 34,
            "discontinued": 0,
            "created_at": "2024-04-23T17:57:05.539Z",
            "created_up": "2024-04-23T17:57:05.539Z",
            "release": "2024-04-23"
        }
    },
    {
        "model": "catalog.product",
        "pk": 15,
        "fields": {
            "name": "IPhone 16 Plus",
            "descriptions": null,
            "image_item": "",
            "company": "Apple",
            "category": "Телефоны",
            "price": "140000.00",
            "discount": 20.0,
            "quantity": 24,
            "discontinued": 0,
            "created_at": "2024-04-23T17:57:05.539Z",
            "created_up": "2024-04-23T17:57:05.539Z",
            "release": "2024-04-23"
        }
    },
    {
        "model": "catalog.product",
        "pk": 16,
        "fields": {
            "name": "IPhone 16 Pro",
            "descriptions": null,
            "image_item": "",
            "company": "Apple",
            "category": "Телефоны",
            "price": "130000.00",
            "discount": 20.0,
            "quantity": 39,
            "discontinued": 0,
            "created_at": "2024-04-23T17:57:05.539Z",
            "created_up": "2024-04-23T17:57:05.539Z",
            "release": "2024-04-23"
        }
    }
]